Fecha,ALLSKY_SFC_SW_DWN,T2M,RH2M
2020-01-01,4.8713,18.87,85.65
2020-01-02,6.0058,19.03,84.94
2020-01-03,6.185,19.09,77.95
2020-01-04,6.3425,18.6,79.6
2020-01-05,6.2306,18.42,86.14
2020-01-06,6.0706,18.8,85.41
2020-01-07,6.3948,18.91,77.86
2020-01-08,6.2196,17.81,72.74
2020-01-09,6.5638,18.09,74.42
2020-01-10,6.7574,16.7,72.36
2020-01-11,5.6088,17.68,74.01
2020-01-12,5.2541,18.63,76.33
2020-01-13,6.379,19.32,75.33
2020-01-14,5.179,19.32,75.45
2020-01-15,5.4929,19.32,76.57
2020-01-16,4.2398,19.57,74.93
2020-01-17,4.0466,19.9,75.06
2020-01-18,4.9099,20.24,73.72
2020-01-19,4.7266,20.84,75.52
2020-01-20,3.8227,19.4,83.65
2020-01-21,3.3444,18.68,86.75
2020-01-22,3.3216,17.85,86.16
2020-01-23,5.0083,18.35,83.55
2020-01-24,4.0418,18.07,84.76
2020-01-25,4.813,18.65,85.63
2020-01-26,4.5958,19.47,81.07
2020-01-27,5.1557,18.67,88.55
2020-01-28,5.287,18.51,84.51
2020-01-29,5.8416,18.78,82.71
2020-01-30,5.297,19.49,75.61
2020-01-31,4.9373,19.23,73.25
2020-02-01,4.319,20.38,77.07
2020-02-02,5.0016,20.2,76.48
2020-02-03,5.9592,19.12,73.95
2020-02-04,6.439,17.96,67.71
2020-02-05,7.1525,17.87,62.57
2020-02-06,7.1014,17.66,66.47
2020-02-07,6.2976,18.63,65.5
2020-02-08,5.1761,18.63,80.12
2020-02-09,5.9143,18.86,82.33
2020-02-10,6.8926,18.65,71.53
2020-02-11,7.1244,17.91,69.91
2020-02-12,6.8443,18.94,72.96
2020-02-13,6.1356,20.16,74.58
2020-02-14,4.6222,20.0,78.78
2020-02-15,4.8281,19.48,73.27
2020-02-16,5.8423,19.11,71.58
2020-02-17,5.8764,19.26,72.19
2020-02-18,6.4418,20.57,72.22
2020-02-19,4.4652,21.17,76.35
2020-02-20,4.5084,20.8,74.91
2020-02-21,4.9543,19.55,82.79
2020-02-22,3.5429,19.49,86.02
2020-02-23,3.3998,19.78,84.35
2020-02-24,3.1714,18.99,89.67
2020-02-25,4.7695,19.27,87.87
2020-02-26,4.0334,18.14,89.78
2020-02-27,5.4598,18.59,85.6
2020-02-28,4.921,19.57,81.7
2020-02-29,4.685,20.0,78.11
2020-03-01,4.5922,20.3,79.6
2020-03-02,5.2428,20.09,80.36
2020-03-03,5.267,20.72,79.1
2020-03-04,6.1414,20.28,75.95
2020-03-05,6.5227,18.8,68.05
2020-03-06,5.9395,19.13,66.83
2020-03-07,4.2902,19.99,75.75
2020-03-08,3.8472,19.83,84.17
2020-03-09,3.4349,19.66,82.42
2020-03-10,4.8343,20.06,78.56
2020-03-11,5.2339,19.9,80.13
2020-03-12,3.8057,20.04,81.05
2020-03-13,4.4897,19.44,85.1
2020-03-14,3.6355,18.09,89.5
2020-03-15,3.5088,19.02,86.36
2020-03-16,4.5941,19.04,83.61
2020-03-17,5.5668,19.01,82.07
2020-03-18,4.9584,19.28,81.19
2020-03-19,4.7261,19.53,77.0
2020-03-20,3.323,18.18,84.22
2020-03-21,5.647,16.98,86.75
2020-03-22,6.3055,18.41,73.9
2020-03-23,4.2864,18.8,77.69
2020-03-24,3.2623,18.82,84.67
2020-03-25,4.8713,19.41,82.48
2020-03-26,4.3802,19.0,84.98
2020-03-27,4.9639,19.17,81.4
2020-03-28,4.8662,19.86,78.31
2020-03-29,4.4844,19.83,76.25
2020-03-30,2.9227,20.23,78.76
2020-03-31,3.845,19.93,80.71
2020-04-01,2.8882,19.55,84.81
2020-04-02,4.4489,20.05,80.87
2020-04-03,5.4679,20.15,77.34
2020-04-04,4.5607,20.78,78.15
2020-04-05,4.1009,21.19,78.32
2020-04-06,4.1647,20.28,79.01
2020-04-07,4.4712,20.68,73.7
2020-04-08,5.1413,20.38,76.21
2020-04-09,4.6397,19.45,83.72
2020-04-10,4.8108,20.39,78.21
2020-04-11,3.7738,20.68,78.55
2020-04-12,3.3799,20.74,76.01
2020-04-13,6.2021,20.16,73.87
2020-04-14,5.3904,19.28,83.26
2020-04-15,5.0196,18.32,85.16
2020-04-16,4.4628,18.18,81.31
2020-04-17,3.2609,19.15,80.77
2020-04-18,4.3649,18.6,83.28
2020-04-19,4.9462,18.82,82.9
2020-04-20,5.8138,19.34,79.96
2020-04-21,4.2785,19.01,82.14
2020-04-22,4.4071,18.77,86.34
2020-04-23,4.2785,19.28,81.25
2020-04-24,5.0424,18.83,83.3
2020-04-25,4.9997,18.84,87.42
2020-04-26,5.8918,19.72,74.68
2020-04-27,5.1269,19.93,70.72
2020-04-28,4.5602,19.87,76.08
2020-04-29,4.3927,19.96,79.72
2020-04-30,4.2065,20.07,82.44
2020-05-01,3.6946,19.79,83.94
2020-05-02,4.0433,20.4,77.78
2020-05-03,3.8878,19.72,79.7
2020-05-04,4.2703,19.78,77.53
2020-05-05,4.5785,19.5,76.15
2020-05-06,4.4436,19.09,77.42
2020-05-07,3.7783,19.66,78.61
2020-05-08,3.2218,19.62,78.9
2020-05-09,5.0801,20.04,76.67
2020-05-10,5.093,20.55,78.89
2020-05-11,5.2164,20.21,80.64
2020-05-12,3.774,20.69,78.68
2020-05-13,2.6993,19.19,84.61
2020-05-14,5.2099,19.58,80.49
2020-05-15,4.9769,19.91,77.84
2020-05-16,5.561,20.12,75.27
2020-05-17,4.7326,19.83,76.79
2020-05-18,4.9848,19.88,78.93
2020-05-19,3.1637,19.27,81.08
2020-05-20,5.0551,20.1,76.03
2020-05-21,4.7148,20.28,74.84
2020-05-22,4.211,19.99,76.3
2020-05-23,5.143,20.04,76.59
2020-05-24,4.3694,19.22,76.83
2020-05-25,4.9541,19.34,75.58
2020-05-26,4.2722,19.88,76.53
2020-05-27,4.1239,18.67,81.05
2020-05-28,3.8254,18.91,77.93
2020-05-29,4.3678,19.03,81.79
2020-05-30,3.3842,18.37,84.96
2020-05-31,4.2598,18.48,83.12
2020-06-01,4.7179,18.56,83.22
2020-06-02,4.7966,19.16,80.08
2020-06-03,2.2781,18.63,82.02
2020-06-04,5.6815,19.49,77.26
2020-06-05,4.229,18.86,78.53
2020-06-06,4.3046,18.49,77.47
2020-06-07,5.0803,17.91,77.74
2020-06-08,4.0822,17.4,80.21
2020-06-09,5.8034,18.0,76.0
2020-06-10,4.7167,18.28,80.81
2020-06-11,4.5139,18.0,88.55
2020-06-12,4.0776,18.18,88.5
2020-06-13,4.6399,19.3,79.2
2020-06-14,3.8801,18.0,79.95
2020-06-15,5.0885,17.33,79.46
2020-06-16,4.8854,18.29,79.06
2020-06-17,3.4663,18.96,79.73
2020-06-18,4.3368,18.98,79.84
2020-06-19,5.3686,19.25,77.28
2020-06-20,3.9518,18.95,76.38
2020-06-21,5.5085,18.51,78.57
2020-06-22,4.3178,18.23,76.9
2020-06-23,4.6152,18.32,76.88
2020-06-24,5.2589,18.48,73.6
2020-06-25,4.3896,19.17,75.95
2020-06-26,4.0726,19.05,78.9
2020-06-27,4.5816,18.59,77.16
2020-06-28,3.1716,18.28,79.49
2020-06-29,5.1276,18.31,80.0
2020-06-30,5.5248,18.8,75.91
2020-07-01,4.0267,18.58,79.01
2020-07-02,4.4069,18.83,77.83
2020-07-03,4.2053,18.86,76.81
2020-07-04,3.48,18.99,76.15
2020-07-05,4.4743,18.76,79.17
2020-07-06,4.572,18.6,78.43
2020-07-07,4.2218,18.01,80.33
2020-07-08,4.9315,18.72,75.93
2020-07-09,5.1778,18.57,79.71
2020-07-10,4.6231,18.11,83.7
2020-07-11,4.1986,17.96,80.9
2020-07-12,3.8544,18.44,78.44
2020-07-13,5.2298,18.37,76.74
2020-07-14,5.0777,17.65,75.65
2020-07-15,4.5538,17.1,77.83
2020-07-16,5.4912,17.48,79.0
2020-07-17,5.4595,18.37,77.38
2020-07-18,5.5709,18.11,77.4
2020-07-19,4.5924,18.16,76.96
2020-07-20,4.2396,17.6,78.99
2020-07-21,4.7803,18.12,76.52
2020-07-22,4.1069,18.25,79.7
2020-07-23,3.7246,19.18,75.53
2020-07-24,3.2602,18.51,79.13
2020-07-25,2.3136,17.95,81.48
2020-07-26,5.4264,17.41,79.07
2020-07-27,4.7758,17.83,75.76
2020-07-28,4.5118,18.69,73.95
2020-07-29,4.9104,18.94,77.7
2020-07-30,4.8974,18.5,80.27
2020-07-31,5.3359,18.4,77.07
2020-08-01,5.2802,17.83,73.19
2020-08-02,5.9911,17.89,75.35
2020-08-03,5.1089,18.06,76.9
2020-08-04,4.6896,17.47,77.68
2020-08-05,4.1045,17.87,78.33
2020-08-06,4.3834,18.18,77.77
2020-08-07,4.2938,18.3,77.51
2020-08-08,4.4803,18.66,78.0
2020-08-09,4.4314,18.62,76.92
2020-08-10,3.7505,19.39,74.29
2020-08-11,4.8403,20.06,75.01
2020-08-12,4.7491,20.26,77.4
2020-08-13,4.0248,19.56,78.96
2020-08-14,4.6382,19.79,75.07
2020-08-15,3.9463,19.58,75.65
2020-08-16,4.3968,19.68,72.24
2020-08-17,2.2752,19.25,78.23
2020-08-18,4.6781,18.97,85.41
2020-08-19,4.0313,18.92,85.53
2020-08-20,4.2881,19.87,77.84
2020-08-21,4.6193,18.75,78.01
2020-08-22,4.939,18.07,79.49
2020-08-23,4.5593,18.06,80.06
2020-08-24,6.2268,19.3,78.09
2020-08-25,5.1,18.92,79.71
2020-08-26,4.3186,19.24,78.3
2020-08-27,4.2163,18.59,77.24
2020-08-28,5.8416,19.1,74.55
2020-08-29,5.4254,18.76,75.0
2020-08-30,3.7322,17.34,87.24
2020-08-31,5.6551,18.03,81.32
2020-09-01,5.3657,18.88,72.9
2020-09-02,4.4155,17.97,82.97
2020-09-03,5.5824,18.73,79.82
2020-09-04,4.865,18.6,77.07
2020-09-05,6.6283,19.1,76.43
2020-09-06,5.5956,19.14,76.56
2020-09-07,5.2241,19.45,77.59
2020-09-08,4.4338,18.04,83.49
2020-09-09,5.4468,18.7,76.76
2020-09-10,5.8097,19.27,74.56
2020-09-11,5.562,19.4,77.38
2020-09-12,4.9044,18.75,80.34
2020-09-13,5.197,19.66,72.4
2020-09-14,5.7209,19.41,70.07
2020-09-15,4.3776,18.75,72.8
2020-09-16,4.8492,19.28,74.29
2020-09-17,4.9517,19.18,81.29
2020-09-18,5.2618,19.47,82.9
2020-09-19,4.7602,18.97,84.81
2020-09-20,5.2757,19.48,76.89
2020-09-21,5.3743,19.17,72.19
2020-09-22,6.2419,19.58,68.22
2020-09-23,4.6039,18.86,73.63
2020-09-24,4.2799,18.42,73.0
2020-09-25,5.5994,18.45,69.89
2020-09-26,3.8028,18.8,74.54
2020-09-27,5.4336,18.38,76.82
2020-09-28,5.3719,19.14,73.03
2020-09-29,5.2985,18.93,75.93
2020-09-30,4.4033,18.4,72.72
2020-10-01,5.448,18.66,71.53
2020-10-02,5.7955,19.01,70.03
2020-10-03,4.1525,19.2,75.32
2020-10-04,4.2638,18.61,75.32
2020-10-05,5.2666,18.26,70.63
2020-10-06,5.0515,19.27,71.22
2020-10-07,4.1866,18.94,71.81
2020-10-08,4.4342,18.17,72.64
2020-10-09,5.2622,19.0,67.36
2020-10-10,4.7525,18.88,68.56
2020-10-11,6.0456,19.14,72.63
2020-10-12,5.5082,19.13,72.31
2020-10-13,4.5535,17.91,68.44
2020-10-14,4.4846,19.24,68.13
2020-10-15,5.2788,19.85,68.65
2020-10-16,4.9195,18.84,68.43
2020-10-17,4.6776,18.89,69.84
2020-10-18,5.2558,19.07,72.65
2020-10-19,4.4794,19.0,71.35
2020-10-20,5.088,19.63,67.77
2020-10-21,4.7429,19.79,73.35
2020-10-22,4.6433,20.04,69.28
2020-10-23,5.8553,20.1,66.68
2020-10-24,3.6134,19.57,71.95
2020-10-25,5.4773,20.27,73.19
2020-10-26,5.2054,20.6,72.36
2020-10-27,5.0035,19.5,77.7
2020-10-28,3.4164,18.91,83.96
2020-10-29,5.2956,19.52,76.33
2020-10-30,4.6754,19.07,79.82
2020-10-31,3.6461,18.23,83.8
2020-11-01,4.3414,18.59,79.82
2020-11-02,5.7802,19.08,79.1
2020-11-03,4.969,19.1,80.36
2020-11-04,4.8283,18.7,84.37
2020-11-05,4.8614,19.19,78.72
2020-11-06,4.0262,18.62,82.06
2020-11-07,3.605,18.51,81.4
2020-11-08,4.6884,18.77,76.03
2020-11-09,4.5773,18.56,80.92
2020-11-10,4.2166,17.9,84.9
2020-11-11,4.3046,17.84,89.07
2020-11-12,3.6689,18.88,83.75
2020-11-13,4.2365,17.93,82.66
2020-11-14,4.8557,17.9,82.72
2020-11-15,4.4868,17.8,86.17
2020-11-16,3.5244,17.51,85.54
2020-11-17,3.2863,17.98,86.36
2020-11-18,4.3087,17.96,83.45
2020-11-19,4.3022,18.2,84.05
2020-11-20,4.7057,18.87,83.86
2020-11-21,5.1374,18.73,83.03
2020-11-22,5.207,19.5,75.4
2020-11-23,4.6843,19.16,79.52
2020-11-24,5.0026,18.74,75.74
2020-11-25,4.3445,19.31,80.09
2020-11-26,3.9228,19.09,80.86
2020-11-27,4.1645,18.23,84.03
2020-11-28,4.3159,19.03,80.72
2020-11-29,5.3494,18.86,77.12
2020-11-30,4.9997,19.8,74.06
2020-12-01,4.5667,19.18,78.96
2020-12-02,4.3346,19.42,77.86
2020-12-03,4.3865,19.17,82.18
2020-12-04,5.5949,20.06,68.95
2020-12-05,4.193,20.09,73.19
2020-12-06,5.1893,19.33,79.26
2020-12-07,4.8814,20.14,72.07
2020-12-08,4.5478,20.01,72.26
2020-12-09,3.8981,19.79,73.36
2020-12-10,5.2728,19.67,72.69
2020-12-11,5.4499,20.16,69.15
2020-12-12,5.3388,19.94,65.33
2020-12-13,5.6808,18.92,60.15
2020-12-14,5.309,19.83,63.6
2020-12-15,4.7808,19.62,71.56
2020-12-16,5.2265,19.5,73.69
2020-12-17,4.417,19.72,75.91
2020-12-18,4.8742,19.86,75.78
2020-12-19,4.5523,19.69,71.1
2020-12-20,4.9457,19.47,67.23
2020-12-21,5.4406,20.37,64.61
2020-12-22,4.8602,19.68,70.46
2020-12-23,5.1667,19.46,76.62
2020-12-24,4.5504,20.21,72.06
2020-12-25,4.643,18.73,80.26
2020-12-26,4.638,17.5,86.24
2020-12-27,3.9749,17.03,86.76
2020-12-28,5.6062,17.63,84.08
2020-12-29,5.1826,18.62,77.99
2020-12-30,5.0052,18.07,86.25
2020-12-31,4.0558,18.03,88.95
2021-01-01,4.0834,19.17,79.44
2021-01-02,4.2845,19.64,77.8
2021-01-03,4.3034,18.16,84.79
2021-01-04,5.993,18.37,81.29
2021-01-05,5.6376,17.87,78.17
2021-01-06,5.2834,17.92,77.14
2021-01-07,4.8053,18.81,75.35
2021-01-08,3.8887,17.88,80.5
2021-01-09,3.9948,17.77,77.95
2021-01-10,4.0838,18.11,77.51
2021-01-11,3.8054,18.59,76.74
2021-01-12,5.8428,18.97,69.89
2021-01-13,5.6249,18.12,67.64
2021-01-14,5.9395,19.5,66.3
2021-01-15,5.7809,19.86,70.24
2021-01-16,6.0936,19.42,72.81
2021-01-17,5.5003,18.93,72.37
2021-01-18,5.8697,18.3,68.81
2021-01-19,5.7881,18.66,63.4
2021-01-20,5.6076,18.74,62.49
2021-01-21,4.8017,18.89,67.17
2021-01-22,4.4208,19.13,76.23
2021-01-23,3.7579,19.2,79.84
2021-01-24,3.9744,19.55,74.68
2021-01-25,3.9818,19.46,71.99
2021-01-26,4.6922,19.24,72.86
2021-01-27,5.5558,19.76,73.74
2021-01-28,5.3227,19.52,72.23
2021-01-29,6.2813,18.46,71.4
2021-01-30,6.5362,18.11,66.3
2021-01-31,6.5357,19.87,67.9
2021-02-01,4.3445,20.34,72.59
2021-02-02,4.6562,19.84,71.95
2021-02-03,5.3964,20.24,64.62
2021-02-04,5.2277,20.64,68.06
2021-02-05,4.4004,20.9,72.76
2021-02-06,4.8127,18.45,80.98
2021-02-07,5.5586,20.62,73.3
2021-02-08,4.9349,19.94,74.29
2021-02-09,4.1333,19.86,75.55
2021-02-10,5.1943,19.0,79.87
2021-02-11,5.9006,19.06,76.81
2021-02-12,4.1174,19.88,72.39
2021-02-13,3.9854,20.02,70.06
2021-02-14,4.6219,19.51,78.2
2021-02-15,4.015,19.48,75.01
2021-02-16,5.6141,18.53,72.18
2021-02-17,5.3599,19.12,74.48
2021-02-18,4.217,18.47,80.05
2021-02-19,3.8782,17.8,79.63
2021-02-20,4.3418,18.51,76.42
2021-02-21,4.2953,18.55,76.65
2021-02-22,3.0058,19.33,76.1
2021-02-23,4.2468,20.0,70.59
2021-02-24,3.672,20.46,72.45
2021-02-25,3.8023,20.49,74.46
2021-02-26,5.4655,20.83,71.99
2021-02-27,4.5043,19.7,76.92
2021-02-28,4.4486,19.81,76.15
2021-03-01,4.0334,18.15,85.54
2021-03-02,3.4423,18.31,80.46
2021-03-03,3.319,18.0,76.06
2021-03-04,3.0089,17.53,78.58
2021-03-05,3.1649,18.66,78.89
2021-03-06,4.5998,19.91,72.78
2021-03-07,3.4099,19.51,77.1
2021-03-08,3.415,19.41,73.87
2021-03-09,5.9102,19.74,73.79
2021-03-10,3.5544,17.85,87.62
2021-03-11,3.2138,17.38,85.27
2021-03-12,3.2921,17.71,83.26
2021-03-13,4.0318,18.39,78.71
2021-03-14,4.6577,17.82,83.64
2021-03-15,3.8962,17.78,83.06
2021-03-16,4.7983,18.26,81.57
2021-03-17,4.1153,18.72,80.95
2021-03-18,3.3665,18.96,79.23
2021-03-19,5.599,19.16,77.63
2021-03-20,5.4571,18.21,83.62
2021-03-21,4.2996,19.21,75.5
2021-03-22,3.0502,18.88,79.23
2021-03-23,4.4767,18.3,79.93
2021-03-24,3.4397,17.99,84.61
2021-03-25,5.0657,18.96,79.54
2021-03-26,4.0423,19.24,77.76
2021-03-27,3.6766,18.02,83.93
2021-03-28,5.131,19.79,74.56
2021-03-29,4.6788,20.03,73.13
2021-03-30,4.6342,19.86,75.61
2021-03-31,5.3962,19.8,78.73
2021-04-01,4.9087,20.21,77.3
2021-04-02,4.0913,19.58,77.25
2021-04-03,3.9377,19.15,79.61
2021-04-04,4.0056,19.79,76.95
2021-04-05,5.1302,19.67,76.73
2021-04-06,3.629,18.32,80.49
2021-04-07,4.0982,18.35,76.91
2021-04-08,4.8442,19.21,74.94
2021-04-09,3.1903,18.82,79.92
2021-04-10,5.1787,19.4,78.35
2021-04-11,5.5906,19.43,75.8
2021-04-12,2.1326,19.17,79.38
2021-04-13,5.8843,19.06,77.98
2021-04-14,4.5386,19.27,80.12
2021-04-15,4.4268,19.07,79.09
2021-04-16,5.5788,19.39,78.72
2021-04-17,4.7407,19.53,79.83
2021-04-18,4.3901,19.09,83.37
2021-04-19,5.5162,19.22,76.05
2021-04-20,6.5978,19.38,75.1
2021-04-21,5.3004,19.55,75.71
2021-04-22,6.2808,20.33,73.75
2021-04-23,4.6906,19.52,78.66
2021-04-24,5.3354,20.04,80.31
2021-04-25,4.6908,19.49,80.87
2021-04-26,4.1354,20.28,76.23
2021-04-27,2.982,18.77,85.21
2021-04-28,5.4581,17.97,87.78
2021-04-29,4.4916,17.96,88.49
2021-04-30,2.5056,16.99,88.59
2021-05-01,5.6467,17.85,82.67
2021-05-02,4.7446,17.1,87.48
2021-05-03,4.8386,17.98,82.14
2021-05-04,5.3542,18.37,83.69
2021-05-05,4.3978,18.17,83.61
2021-05-06,4.6109,18.32,81.69
2021-05-07,5.37,18.12,82.44
2021-05-08,4.4808,18.17,82.54
2021-05-09,5.0395,19.01,79.62
2021-05-10,3.8542,19.21,76.98
2021-05-11,5.1924,18.81,74.72
2021-05-12,5.3947,19.38,71.86
2021-05-13,4.8487,19.7,74.06
2021-05-14,4.7897,19.68,75.3
2021-05-15,4.6195,20.22,78.64
2021-05-16,5.0563,19.97,78.65
2021-05-17,3.9782,18.69,82.94
2021-05-18,5.1444,18.39,80.05
2021-05-19,6.3811,19.6,72.86
2021-05-20,5.729,20.52,72.2
2021-05-21,5.6227,20.73,72.17
2021-05-22,4.291,20.56,73.01
2021-05-23,4.1623,20.35,73.27
2021-05-24,4.2718,20.05,74.8
2021-05-25,4.5902,19.7,79.65
2021-05-26,5.0798,19.1,74.31
2021-05-27,3.7082,19.53,76.03
2021-05-28,4.716,19.32,79.27
2021-05-29,3.9785,18.61,85.94
2021-05-30,4.3814,19.55,80.82
2021-05-31,4.555,19.1,79.87
2021-06-01,5.3962,19.11,73.33
2021-06-02,5.8831,19.71,74.06
2021-06-03,5.2147,19.71,79.92
2021-06-04,4.4486,19.11,79.97
2021-06-05,5.4214,19.02,76.08
2021-06-06,3.7138,18.89,80.24
2021-06-07,4.4026,19.02,76.15
2021-06-08,2.8927,18.6,77.94
2021-06-09,4.1414,18.31,80.45
2021-06-10,3.1531,17.65,80.46
2021-06-11,5.2318,19.22,76.48
2021-06-12,4.723,18.8,81.04
2021-06-13,4.1998,18.65,82.15
2021-06-14,3.9905,18.39,83.64
2021-06-15,4.5835,18.83,84.0
2021-06-16,5.1938,17.65,85.47
2021-06-17,5.2553,17.14,80.3
2021-06-18,4.853,17.13,78.18
2021-06-19,4.541,18.19,78.83
2021-06-20,3.3701,17.77,77.14
2021-06-21,5.8548,17.28,78.63
2021-06-22,4.5494,17.36,81.0
2021-06-23,4.8893,17.46,84.39
2021-06-24,5.3664,17.9,77.12
2021-06-25,4.1995,17.98,77.0
2021-06-26,4.5946,18.07,80.26
2021-06-27,4.5185,18.75,77.95
2021-06-28,5.0201,19.02,76.46
2021-06-29,5.665,18.58,76.83
2021-06-30,4.2415,17.37,78.35
2021-07-01,4.6459,16.91,82.14
2021-07-02,5.5097,17.53,78.23
2021-07-03,5.5514,17.24,78.4
2021-07-04,4.6382,16.66,75.71
2021-07-05,4.6289,17.21,75.14
2021-07-06,5.1394,18.2,74.54
2021-07-07,5.1936,19.06,73.67
2021-07-08,5.0563,19.59,73.24
2021-07-09,4.6586,19.2,76.3
2021-07-10,4.9637,18.4,76.93
2021-07-11,4.3783,18.66,74.16
2021-07-12,4.6205,18.66,75.7
2021-07-13,3.7118,18.47,76.13
2021-07-14,3.9571,18.51,71.85
2021-07-15,5.8286,19.17,70.93
2021-07-16,4.9558,19.22,72.44
2021-07-17,4.6404,19.44,73.15
2021-07-18,3.229,19.6,73.59
2021-07-19,4.7059,18.55,75.7
2021-07-20,5.0033,18.14,75.69
2021-07-21,4.073,18.77,76.45
2021-07-22,4.3915,18.57,74.49
2021-07-23,4.8019,18.81,74.6
2021-07-24,3.912,18.38,79.66
2021-07-25,3.126,18.54,78.62
2021-07-26,4.5262,19.47,72.45
2021-07-27,4.5317,19.43,72.91
2021-07-28,4.1129,19.36,73.93
2021-07-29,4.7261,19.05,73.61
2021-07-30,4.6332,19.3,72.82
2021-07-31,6.3564,19.48,72.23
2021-08-01,4.4638,19.34,72.04
2021-08-02,4.795,17.88,76.37
2021-08-03,4.103,17.4,75.26
2021-08-04,4.8029,17.83,71.71
2021-08-05,4.4239,18.1,73.87
2021-08-06,4.8732,18.25,74.81
2021-08-07,5.046,19.81,70.25
2021-08-08,4.6452,18.54,80.55
2021-08-09,4.9058,19.69,73.72
2021-08-10,5.1499,19.55,73.18
2021-08-11,5.2354,19.06,72.51
2021-08-12,4.6354,19.07,74.71
2021-08-13,4.6344,18.87,75.65
2021-08-14,4.0663,18.71,75.71
2021-08-15,5.2375,18.44,78.2
2021-08-16,4.1426,19.12,75.74
2021-08-17,4.2022,19.63,73.89
2021-08-18,3.9202,19.56,75.6
2021-08-19,4.2564,19.42,76.06
2021-08-20,4.5259,19.34,74.74
2021-08-21,4.8562,19.41,73.44
2021-08-22,4.8881,19.95,70.36
2021-08-23,5.418,20.03,73.67
2021-08-24,4.4299,19.66,74.85
2021-08-25,4.4462,20.66,73.86
2021-08-26,4.7954,20.23,68.85
2021-08-27,4.9399,19.41,70.12
2021-08-28,5.3506,19.83,64.71
2021-08-29,4.0987,19.15,71.73
2021-08-30,4.565,18.89,70.01
2021-08-31,4.4863,19.84,67.36
2021-09-01,4.0097,19.55,73.52
2021-09-02,6.0614,19.83,68.29
2021-09-03,4.4518,19.59,72.67
2021-09-04,5.3069,19.84,72.54
2021-09-05,5.3234,19.24,77.66
2021-09-06,3.0634,18.15,81.35
2021-09-07,4.9289,19.21,73.1
2021-09-08,4.4861,19.99,70.87
2021-09-09,5.2003,20.56,66.96
2021-09-10,4.6838,19.33,68.14
2021-09-11,4.8173,19.01,72.13
2021-09-12,3.343,18.73,72.36
2021-09-13,6.3677,19.39,66.24
2021-09-14,5.0575,20.09,68.88
2021-09-15,5.0134,19.4,72.45
2021-09-16,4.8002,18.73,69.79
2021-09-17,6.7692,19.21,68.0
2021-09-18,6.3578,18.39,68.17
2021-09-19,5.0926,19.06,67.3
2021-09-20,4.8238,19.66,73.04
2021-09-21,3.9132,19.55,73.55
2021-09-22,4.7597,18.72,78.95
2021-09-23,4.775,18.66,74.45
2021-09-24,4.8245,18.22,74.93
2021-09-25,5.2277,17.75,77.95
2021-09-26,6.9029,18.68,70.93
2021-09-27,6.281,19.03,71.13
2021-09-28,4.3865,19.11,72.68
2021-09-29,4.6358,19.16,72.51
2021-09-30,4.056,18.45,77.66
2021-10-01,5.0323,19.75,70.02
2021-10-02,5.7235,20.45,70.72
2021-10-03,6.3379,20.99,71.93
2021-10-04,5.9095,20.85,73.99
2021-10-05,4.0061,19.77,80.67
2021-10-06,3.57,20.58,73.21
2021-10-07,5.2562,20.48,70.61
2021-10-08,4.955,20.03,70.28
2021-10-09,5.1737,20.03,75.89
2021-10-10,4.8506,19.31,79.54
2021-10-11,3.1164,19.12,82.53
2021-10-12,4.7587,20.17,72.07
2021-10-13,5.3158,20.53,71.55
2021-10-14,5.2519,19.6,79.8
2021-10-15,5.7211,20.66,73.22
2021-10-16,4.1227,18.94,81.84
2021-10-17,3.6701,18.93,78.67
2021-10-18,5.0998,19.57,71.2
2021-10-19,4.6915,19.9,70.74
2021-10-20,5.0328,20.32,70.86
2021-10-21,5.0074,19.16,79.46
2021-10-22,5.2471,19.95,75.98
2021-10-23,5.1084,20.27,75.92
2021-10-24,5.8306,19.75,78.6
2021-10-25,5.0561,19.18,84.26
2021-10-26,5.0798,19.1,83.67
2021-10-27,3.0768,18.64,79.72
2021-10-28,5.7101,18.87,83.53
2021-10-29,4.873,17.69,86.03
2021-10-30,5.0866,18.1,82.7
2021-10-31,4.3486,17.62,84.91
2021-11-01,5.021,18.87,79.97
2021-11-02,5.4602,18.78,78.2
2021-11-03,5.1161,18.93,78.57
2021-11-04,4.5487,18.27,83.72
2021-11-05,5.2354,19.99,77.12
2021-11-06,5.6062,20.48,70.11
2021-11-07,5.465,20.48,65.82
2021-11-08,3.3588,19.63,79.45
2021-11-09,4.8014,19.27,79.06
2021-11-10,4.6342,19.18,78.1
2021-11-11,5.689,19.44,77.32
2021-11-12,5.808,19.53,72.58
2021-11-13,4.3303,19.49,70.21
2021-11-14,5.1727,19.82,75.31
2021-11-15,5.1706,20.09,77.93
2021-11-16,5.2042,19.28,81.66
2021-11-17,5.7694,19.48,77.29
2021-11-18,6.5038,18.99,78.53
2021-11-19,6.0161,19.02,77.28
2021-11-20,5.1134,19.28,75.22
2021-11-21,4.5797,19.12,78.45
2021-11-22,3.9082,19.17,80.09
2021-11-23,3.9264,18.08,88.09
2021-11-24,3.744,18.48,85.74
2021-11-25,3.9713,17.95,85.69
2021-11-26,4.0296,19.06,77.25
2021-11-27,5.7566,19.46,75.64
2021-11-28,5.273,19.8,73.91
2021-11-29,4.835,19.26,79.84
2021-11-30,3.911,19.11,78.98
2021-12-01,5.6112,19.46,75.9
2021-12-02,5.1804,19.62,75.54
2021-12-03,4.1035,19.62,73.07
2021-12-04,4.6685,20.31,71.96
2021-12-05,4.092,20.75,71.54
2021-12-06,5.0842,20.8,71.28
2021-12-07,5.1343,20.98,69.69
2021-12-08,5.1576,20.96,70.32
2021-12-09,4.0157,19.86,77.72
2021-12-10,3.9864,19.5,79.89
2021-12-11,3.2542,19.22,80.45
2021-12-12,4.2437,19.01,81.73
2021-12-13,5.2838,18.93,79.68
2021-12-14,5.431,19.81,73.64
2021-12-15,4.1604,19.66,76.14
2021-12-16,4.4753,20.13,75.58
2021-12-17,4.3999,19.58,76.82
2021-12-18,3.7402,19.11,79.05
2021-12-19,4.5115,19.72,75.97
2021-12-20,5.1178,19.79,76.48
2021-12-21,5.119,19.62,80.52
2021-12-22,5.3719,19.11,82.59
2021-12-23,4.6351,19.48,79.85
2021-12-24,4.8454,18.66,85.86
2021-12-25,4.7671,19.82,78.01
2021-12-26,5.3777,20.25,71.22
2021-12-27,4.103,19.02,83.06
2021-12-28,4.7095,19.58,78.93
2021-12-29,3.5172,19.68,76.83
2021-12-30,4.5871,19.59,76.31
2021-12-31,4.7011,20.28,73.44
2022-01-01,4.8986,19.16,74.01
2022-01-02,5.0863,18.88,68.05
2022-01-03,5.5474,18.82,74.46
2022-01-04,5.7274,18.99,72.19
2022-01-05,5.208,18.49,74.13
2022-01-06,3.7039,18.57,72.3
2022-01-07,5.1185,19.04,69.23
2022-01-08,5.713,19.29,69.17
2022-01-09,5.4451,18.83,76.74
2022-01-10,3.8446,18.83,75.48
2022-01-11,4.3301,18.75,78.02
2022-01-12,4.2638,19.23,75.79
2022-01-13,3.2844,18.06,83.78
2022-01-14,3.9187,18.56,76.82
2022-01-15,4.3831,20.09,65.99
2022-01-16,5.1281,20.19,67.21
2022-01-17,4.3116,19.8,70.2
2022-01-18,4.3282,19.82,73.61
2022-01-19,5.1326,20.07,65.65
2022-01-20,5.2546,20.22,61.13
2022-01-21,5.2318,20.83,61.5
2022-01-22,4.8305,20.94,65.63
2022-01-23,4.0738,20.59,73.03
2022-01-24,4.9862,20.89,71.29
2022-01-25,3.7886,18.88,78.35
2022-01-26,3.5803,19.62,76.4
2022-01-27,5.3726,19.49,76.03
2022-01-28,6.18,19.86,71.37
2022-01-29,6.2875,19.62,70.79
2022-01-30,6.0144,19.11,71.96
2022-01-31,6.2081,19.39,66.28
2022-02-01,5.8049,19.76,61.1
2022-02-02,4.9771,19.94,57.63
2022-02-03,5.105,21.31,60.97
2022-02-04,4.5053,19.6,75.39
2022-02-05,4.3411,18.09,85.44
2022-02-06,3.361,18.67,75.78
2022-02-07,3.4013,19.1,80.12
2022-02-08,1.7443,18.27,85.93
2022-02-09,3.8722,18.02,82.53
2022-02-10,4.5862,19.22,77.81
2022-02-11,4.9452,19.19,77.37
2022-02-12,5.1641,19.5,78.29
2022-02-13,4.3015,20.27,72.23
2022-02-14,3.5141,19.02,70.42
2022-02-15,4.3476,19.46,72.72
2022-02-16,5.239,19.63,72.58
2022-02-17,4.7014,20.42,69.75
2022-02-18,3.395,19.83,73.79
2022-02-19,3.9962,18.38,82.25
2022-02-20,4.231,17.87,82.35
2022-02-21,5.143,18.86,73.63
2022-02-22,5.538,19.83,67.12
2022-02-23,4.926,20.5,64.67
2022-02-24,4.3644,19.67,75.54
2022-02-25,4.0634,19.9,79.26
2022-02-26,3.6578,19.0,83.42
2022-02-27,3.1306,18.78,84.0
2022-02-28,3.7325,18.05,83.71
2022-03-01,3.7538,19.04,79.06
2022-03-02,2.6028,18.85,82.16
2022-03-03,4.2871,17.91,89.14
2022-03-04,4.2893,18.32,78.31
2022-03-05,4.2734,18.81,83.72
2022-03-06,3.7234,17.75,88.66
2022-03-07,3.5122,17.62,87.48
2022-03-08,5.0472,18.85,78.23
2022-03-09,6.1565,19.07,78.39
2022-03-10,4.9524,19.05,80.42
2022-03-11,4.2216,17.45,88.82
2022-03-12,4.8571,17.94,77.62
2022-03-13,4.8538,18.12,75.44
2022-03-14,4.9332,17.83,81.75
2022-03-15,5.4922,18.81,81.44
2022-03-16,5.1883,18.67,84.77
2022-03-17,4.535,19.53,80.51
2022-03-18,4.9277,19.81,80.47
2022-03-19,4.8394,19.61,78.94
2022-03-20,4.3166,19.96,79.35
2022-03-21,5.179,19.21,83.85
2022-03-22,3.9629,20.02,80.01
2022-03-23,4.6812,19.65,81.25
2022-03-24,4.4436,19.91,77.46
2022-03-25,4.0565,19.7,79.49
2022-03-26,3.618,19.48,80.99
2022-03-27,3.6281,18.84,82.38
2022-03-28,4.6049,18.45,83.04
2022-03-29,4.5907,18.14,83.87
2022-03-30,4.8377,18.95,82.46
2022-03-31,4.3397,19.46,78.23
2022-04-01,4.645,19.56,76.04
2022-04-02,4.6262,19.73,77.44
2022-04-03,4.6601,19.5,78.26
2022-04-04,4.8782,19.43,80.89
2022-04-05,4.8701,18.92,82.05
2022-04-06,5.3294,19.09,80.44
2022-04-07,4.1662,19.21,80.82
2022-04-08,4.381,19.29,80.9
2022-04-09,4.5384,19.28,83.26
2022-04-10,5.0957,19.33,80.39
2022-04-11,4.7621,19.43,81.35
2022-04-12,4.0507,19.76,74.84
2022-04-13,4.1503,20.27,74.57
2022-04-14,4.6884,20.28,74.74
2022-04-15,4.7474,19.52,79.84
2022-04-16,4.4318,19.45,81.03
2022-04-17,3.7231,18.69,83.02
2022-04-18,3.8206,18.82,82.81
2022-04-19,3.6031,17.82,84.81
2022-04-20,3.4642,17.71,84.54
2022-04-21,4.1225,17.14,88.42
2022-04-22,4.5965,17.55,85.3
2022-04-23,4.4126,17.53,86.01
2022-04-24,4.5022,17.79,84.7
2022-04-25,3.0211,18.12,83.91
2022-04-26,5.2834,18.72,83.13
2022-04-27,3.9113,18.81,83.12
2022-04-28,2.8404,18.29,86.11
2022-04-29,3.9077,19.1,82.08
2022-04-30,4.399,18.26,79.28
2022-05-01,5.7089,18.2,78.15
2022-05-02,5.351,19.08,76.8
2022-05-03,6.1447,19.94,74.84
2022-05-04,6.167,19.45,72.63
2022-05-05,2.0736,18.88,80.53
2022-05-06,4.5878,18.74,81.86
2022-05-07,3.1442,18.64,84.35
2022-05-08,5.627,18.83,82.77
2022-05-09,4.9646,19.1,81.14
2022-05-10,4.9313,19.02,83.78
2022-05-11,4.2598,18.72,87.93
2022-05-12,4.7674,18.61,86.46
2022-05-13,4.4066,19.0,82.45
2022-05-14,2.9143,18.59,83.01
2022-05-15,5.1797,19.32,82.49
2022-05-16,4.0169,18.72,82.48
2022-05-17,3.7687,18.7,81.98
2022-05-18,1.9788,18.86,82.15
2022-05-19,4.625,18.1,84.94
2022-05-20,4.692,18.51,81.82
2022-05-21,4.1774,18.91,80.11
2022-05-22,6.0209,19.36,73.62
2022-05-23,4.6339,19.08,77.89
2022-05-24,4.0018,18.86,82.4
2022-05-25,4.6102,18.72,79.98
2022-05-26,4.1698,18.13,81.54
2022-05-27,4.6543,17.46,79.88
2022-05-28,4.099,17.72,78.79
2022-05-29,4.2334,18.11,79.16
2022-05-30,3.8513,18.64,79.42
2022-05-31,4.5142,18.24,84.66
2022-06-01,4.4165,18.35,83.33
2022-06-02,3.912,18.68,80.52
2022-06-03,3.3746,17.39,87.31
2022-06-04,3.9257,17.63,87.18
2022-06-05,4.7422,17.8,84.81
2022-06-06,4.3661,18.61,81.73
2022-06-07,4.4107,17.88,86.07
2022-06-08,4.5686,18.3,83.1
2022-06-09,3.9914,18.15,83.81
2022-06-10,4.7191,18.53,82.53
2022-06-11,3.0535,17.76,84.33
2022-06-12,4.2607,17.67,81.56
2022-06-13,3.7764,17.72,80.53
2022-06-14,4.5751,17.35,82.1
2022-06-15,4.4359,17.95,77.4
2022-06-16,3.7632,17.87,80.42
2022-06-17,3.4157,18.31,82.62
2022-06-18,4.3435,18.02,84.31
2022-06-19,4.1647,17.87,79.7
2022-06-20,4.1426,17.4,80.66
2022-06-21,4.4117,17.65,81.93
2022-06-22,4.5475,18.3,78.63
2022-06-23,2.6386,18.29,77.3
2022-06-24,4.1376,18.14,78.87
2022-06-25,4.3366,17.4,81.17
2022-06-26,3.9017,16.61,82.1
2022-06-27,4.6411,17.48,80.91
2022-06-28,4.9759,18.37,81.84
2022-06-29,4.1966,18.3,82.23
2022-06-30,4.7201,18.41,79.35
2022-07-01,4.8026,17.98,81.16
2022-07-02,4.1381,18.25,80.01
2022-07-03,4.6306,18.56,78.03
2022-07-04,4.051,18.49,78.82
2022-07-05,4.775,17.85,79.22
2022-07-06,4.8938,17.79,77.54
2022-07-07,4.3841,18.24,77.49
2022-07-08,2.5706,18.2,78.65
2022-07-09,4.9903,18.55,78.94
2022-07-10,4.2346,18.45,78.09
2022-07-11,3.6823,18.26,82.09
2022-07-12,4.3464,18.18,80.6
2022-07-13,4.5137,18.36,77.13
2022-07-14,4.9855,18.6,78.76
2022-07-15,4.9142,19.26,80.74
2022-07-16,4.897,18.87,77.5
2022-07-17,3.8638,17.93,78.63
2022-07-18,4.4376,16.96,78.93
2022-07-19,4.8612,17.45,78.81
2022-07-20,4.6428,17.45,81.8
2022-07-21,4.1501,17.96,79.3
2022-07-22,4.5298,18.51,79.9
2022-07-23,4.093,18.73,81.86
2022-07-24,4.5134,18.68,78.92
2022-07-25,3.4188,18.08,79.59
2022-07-26,3.9852,18.02,82.51
2022-07-27,3.9082,17.91,82.65
2022-07-28,4.4508,17.62,81.11
2022-07-29,4.8686,18.04,77.83
2022-07-30,5.5697,18.2,79.02
2022-07-31,4.6942,18.61,79.53
2022-08-01,4.9198,18.57,81.54
2022-08-02,3.7766,18.23,80.27
2022-08-03,4.6049,18.32,79.52
2022-08-04,4.1474,18.35,77.83
2022-08-05,4.1858,18.11,76.88
2022-08-06,4.4378,17.78,77.1
2022-08-07,5.1612,18.27,75.35
2022-08-08,5.9426,18.39,76.26
2022-08-09,3.2976,18.58,77.81
2022-08-10,4.5127,17.47,81.43
2022-08-11,5.556,17.9,75.87
2022-08-12,5.8262,18.39,79.99
2022-08-13,3.763,18.06,81.2
2022-08-14,4.4474,18.28,80.58
2022-08-15,4.607,18.11,76.33
2022-08-16,5.5037,18.42,75.15
2022-08-17,6.5256,19.09,74.8
2022-08-18,6.6125,19.13,74.08
2022-08-19,5.9441,18.72,77.25
2022-08-20,3.6658,17.95,80.15
2022-08-21,4.86,17.65,81.52
2022-08-22,3.9509,17.51,79.6
2022-08-23,5.8339,17.44,75.33
2022-08-24,5.5298,17.42,75.6
2022-08-25,4.2499,18.08,75.15
2022-08-26,4.3373,18.09,78.4
2022-08-27,5.135,18.34,77.73
2022-08-28,4.423,17.14,77.11
2022-08-29,3.4421,16.9,78.69
2022-08-30,5.9009,18.04,76.06
2022-08-31,5.0268,18.89,76.77
2022-09-01,4.7189,18.37,83.04
2022-09-02,3.6854,19.16,81.32
2022-09-03,4.1659,18.4,82.78
2022-09-04,3.9048,18.09,78.58
2022-09-05,4.1906,18.09,76.51
2022-09-06,4.5778,18.08,77.48
2022-09-07,5.2572,18.75,76.28
2022-09-08,5.5342,18.39,77.63
2022-09-09,4.151,19.34,76.83
2022-09-10,4.3934,19.38,75.26
2022-09-11,5.6914,18.75,75.25
2022-09-12,5.2106,18.79,78.4
2022-09-13,5.0546,18.8,75.61
2022-09-14,4.7354,18.91,77.54
2022-09-15,5.7269,19.08,77.2
2022-09-16,3.2172,18.93,78.11
2022-09-17,5.1002,18.7,74.46
2022-09-18,4.0572,19.03,76.73
2022-09-19,4.3646,18.18,82.16
2022-09-20,5.6693,18.45,83.41
2022-09-21,3.5369,18.02,83.99
2022-09-22,4.3498,17.67,85.11
2022-09-23,5.693,18.82,78.9
2022-09-24,4.967,18.53,77.61
2022-09-25,5.4814,18.65,72.59
2022-09-26,5.7518,19.13,72.37
2022-09-27,5.6856,18.86,74.51
2022-09-28,3.949,18.81,77.24
2022-09-29,4.9608,19.13,76.75
2022-09-30,4.3428,18.69,79.27
2022-10-01,4.0438,17.49,79.91
2022-10-02,5.3911,17.61,76.51
2022-10-03,5.9484,18.21,75.75
2022-10-04,5.238,18.93,78.89
2022-10-05,5.3705,18.13,88.04
2022-10-06,4.5734,18.43,87.04
2022-10-07,5.5282,18.16,81.94
2022-10-08,4.3466,18.2,77.93
2022-10-09,4.771,18.37,79.04
2022-10-10,5.8673,18.73,76.82
2022-10-11,4.2792,18.48,77.13
2022-10-12,4.9644,19.3,73.71
2022-10-13,4.9466,17.52,90.46
2022-10-14,5.2058,18.8,83.78
2022-10-15,4.1112,19.18,82.31
2022-10-16,4.8283,18.85,83.53
2022-10-17,5.0489,18.27,88.09
2022-10-18,4.3666,18.38,87.26
2022-10-19,4.5698,18.62,86.67
2022-10-20,3.3931,18.36,82.87
2022-10-21,4.3675,18.11,86.41
2022-10-22,4.559,18.58,86.51
2022-10-23,4.1762,18.08,87.92
2022-10-24,4.4287,18.62,84.01
2022-10-25,4.9195,18.08,87.84
2022-10-26,3.9348,18.51,86.13
2022-10-27,4.4294,18.15,85.93
2022-10-28,4.4734,17.8,87.82
2022-10-29,4.6865,17.81,85.6
2022-10-30,5.634,18.11,81.88
2022-10-31,5.9705,18.18,82.98
2022-11-01,5.5226,18.94,83.39
2022-11-02,2.2663,18.49,80.64
2022-11-03,5.1737,17.75,85.86
2022-11-04,4.9694,17.79,83.3
2022-11-05,3.7987,17.45,89.34
2022-11-06,4.4035,17.88,89.45
2022-11-07,3.9746,18.18,89.02
2022-11-08,4.9363,18.29,85.46
2022-11-09,4.9918,17.77,88.92
2022-11-10,4.0114,17.08,89.19
2022-11-11,4.2521,17.31,89.87
2022-11-12,4.7066,17.45,88.97
2022-11-13,5.2013,18.4,88.03
2022-11-14,4.4647,18.66,86.13
2022-11-15,4.5962,18.69,85.84
2022-11-16,4.175,18.92,81.67
2022-11-17,4.4568,18.15,84.78
2022-11-18,3.8225,17.41,91.41
2022-11-19,4.8766,18.68,86.49
2022-11-20,3.689,19.22,84.92
2022-11-21,5.6196,19.03,87.31
2022-11-22,4.6954,17.93,89.97
2022-11-23,4.7988,17.71,85.63
2022-11-24,4.807,18.09,87.12
2022-11-25,4.5427,18.45,86.88
2022-11-26,4.0474,17.44,87.9
2022-11-27,3.0713,17.83,89.1
2022-11-28,4.0493,16.75,90.99
2022-11-29,4.5319,16.77,85.44
2022-11-30,3.4802,16.93,87.2
2022-12-01,6.0514,16.96,88.32
2022-12-02,6.0898,17.06,88.42
2022-12-03,5.2733,17.18,86.12
2022-12-04,4.8091,16.67,90.5
2022-12-05,4.6728,17.02,85.35
2022-12-06,4.5696,17.29,89.17
2022-12-07,3.6372,17.16,88.91
2022-12-08,4.1095,17.65,87.5
2022-12-09,4.5905,18.47,80.85
2022-12-10,3.917,17.98,83.22
2022-12-11,4.2101,17.86,84.7
2022-12-12,5.274,18.34,82.72
2022-12-13,3.9715,18.26,82.38
2022-12-14,4.1434,18.31,78.25
2022-12-15,5.0395,18.62,79.43
2022-12-16,5.7749,18.64,77.5
2022-12-17,5.5222,19.07,77.92
2022-12-18,4.7758,18.22,79.95
2022-12-19,5.5853,18.36,77.03
2022-12-20,5.3498,18.31,75.32
2022-12-21,5.1818,17.96,77.78
2022-12-22,5.3203,19.15,78.93
2022-12-23,5.2318,19.03,80.41
2022-12-24,5.1557,18.31,78.47
2022-12-25,5.7163,17.85,75.14
2022-12-26,4.9397,17.35,75.08
2022-12-27,5.5951,17.65,78.42
2022-12-28,5.3388,18.23,86.86
2022-12-29,5.2884,17.76,87.51
2022-12-30,5.5006,18.78,83.69
2022-12-31,3.9876,18.61,82.35
2023-01-01,4.3594,16.9,91.48
2023-01-02,4.619,16.57,89.54
2023-01-03,4.1158,16.58,87.72
2023-01-04,4.26,16.78,87.7
2023-01-05,3.7774,17.63,85.64
2023-01-06,3.588,17.89,83.37
2023-01-07,3.6874,17.54,86.59
2023-01-08,2.9093,17.64,85.28
2023-01-09,4.1494,17.5,82.03
2023-01-10,3.4596,17.3,88.78
2023-01-11,4.0951,17.53,86.64
2023-01-12,3.5186,17.89,80.09
2023-01-13,4.7561,18.5,79.88
2023-01-14,4.7467,18.05,86.68
2023-01-15,4.8228,17.24,87.37
2023-01-16,5.2428,17.92,86.58
2023-01-17,4.6939,17.75,85.77
2023-01-18,4.0966,17.35,82.05
2023-01-19,4.7194,17.08,86.49
2023-01-20,4.0286,17.16,86.21
2023-01-21,4.8062,17.84,81.02
2023-01-22,4.2684,17.66,79.33
2023-01-23,3.7963,17.71,77.36
2023-01-24,4.6154,17.6,78.22
2023-01-25,5.9964,18.29,76.31
2023-01-26,6.6902,18.13,69.83
2023-01-27,6.6514,17.34,71.11
2023-01-28,6.4061,17.06,69.2
2023-01-29,6.4354,17.19,70.58
2023-01-30,6.1128,18.14,75.97
2023-01-31,6.1807,17.98,81.99
2023-02-01,6.265,17.74,73.99
2023-02-02,6.1013,17.71,73.44
2023-02-03,6.3098,17.83,73.22
2023-02-04,5.3686,18.34,74.99
2023-02-05,4.8487,17.97,77.25
2023-02-06,4.6709,18.38,76.18
2023-02-07,5.7449,18.77,75.29
2023-02-08,5.9503,19.1,75.45
2023-02-09,4.9193,19.3,79.7
2023-02-10,5.6729,19.73,78.5
2023-02-11,5.4024,19.46,82.2
2023-02-12,4.2763,19.25,79.77
2023-02-13,4.9116,19.4,79.77
2023-02-14,3.8213,19.81,79.72
2023-02-15,4.8206,19.83,80.37
2023-02-16,3.8522,19.02,84.91
2023-02-17,5.1197,19.08,82.77
2023-02-18,3.959,16.92,83.24
2023-02-19,5.1192,18.43,75.19
2023-02-20,5.1197,18.33,78.16
2023-02-21,3.8052,17.98,83.94
2023-02-22,3.4514,17.29,84.64
2023-02-23,6.2806,18.53,76.95
2023-02-24,6.1063,19.15,74.72
2023-02-25,5.8848,19.34,74.76
2023-02-26,5.5855,18.87,78.01
2023-02-27,5.1518,19.65,78.19
2023-02-28,5.7034,19.88,79.11
2023-03-01,4.2994,19.05,85.21
2023-03-02,3.895,20.04,79.71
2023-03-03,4.0867,20.7,76.92
2023-03-04,3.8155,19.54,82.77
2023-03-05,3.5402,19.02,82.78
2023-03-06,4.4858,18.65,85.37
2023-03-07,4.5278,18.39,86.74
2023-03-08,3.8098,17.98,87.09
2023-03-09,1.9572,16.92,92.98
2023-03-10,3.8249,17.77,87.85
2023-03-11,1.5986,16.91,91.81
2023-03-12,3.4042,17.56,88.51
2023-03-13,2.8318,18.18,86.39
2023-03-14,4.745,18.1,86.04
2023-03-15,4.6207,17.87,86.14
2023-03-16,4.7419,17.57,87.66
2023-03-17,5.345,18.52,83.48
2023-03-18,5.0693,17.87,87.32
2023-03-19,5.1826,17.94,82.56
2023-03-20,6.0358,18.17,83.9
2023-03-21,5.9021,18.48,80.38
2023-03-22,5.1262,19.42,79.08
2023-03-23,3.5494,17.97,84.36
2023-03-24,3.6132,19.01,81.93
2023-03-25,3.1469,18.61,82.0
2023-03-26,3.8921,18.7,82.75
2023-03-27,4.1174,18.89,82.96
2023-03-28,5.1086,19.02,81.81
2023-03-29,2.1341,18.17,87.18
2023-03-30,4.992,19.14,80.87
2023-03-31,4.0087,19.79,79.33
2023-04-01,4.1873,18.73,87.09
2023-04-02,3.3142,19.1,79.19
2023-04-03,5.945,19.85,78.45
2023-04-04,4.541,19.51,83.71
2023-04-05,5.1154,18.64,87.73
2023-04-06,3.7526,17.8,89.64
2023-04-07,4.241,18.2,87.31
2023-04-08,4.2434,17.74,86.07
2023-04-09,4.2994,18.21,82.19
2023-04-10,4.829,18.66,78.04
2023-04-11,5.0544,19.04,80.98
2023-04-12,3.8798,19.07,82.23
2023-04-13,4.7129,19.45,79.22
2023-04-14,4.2578,20.03,80.52
2023-04-15,4.8331,19.47,82.95
2023-04-16,2.6316,17.98,91.69
2023-04-17,4.0783,18.6,86.72
2023-04-18,4.8386,18.34,84.78
2023-04-19,5.0479,18.59,86.84
2023-04-20,3.3886,18.47,80.91
2023-04-21,3.4243,18.32,83.34
2023-04-22,3.2846,17.84,88.03
2023-04-23,4.1952,17.99,86.0
2023-04-24,4.2026,16.86,89.65
2023-04-25,4.0102,17.99,83.4
2023-04-26,3.6694,17.67,87.8
2023-04-27,4.1143,18.89,81.89
2023-04-28,4.8578,19.05,81.43
2023-04-29,4.6243,18.99,81.29
2023-04-30,3.8856,18.85,78.82
2023-05-01,4.6298,18.9,80.1
2023-05-02,4.5727,19.66,77.09
2023-05-03,5.8565,19.2,78.44
2023-05-04,6.3192,19.0,79.67
2023-05-05,4.6831,20.08,79.37
2023-05-06,5.3422,20.01,76.47
2023-05-07,6.4318,19.71,77.18
2023-05-08,4.3063,19.67,78.14
2023-05-09,5.4634,19.32,81.66
2023-05-10,4.193,18.61,83.84
2023-05-11,3.9948,18.98,85.01
2023-05-12,5.3882,19.17,81.95
2023-05-13,4.7539,19.72,81.19
2023-05-14,4.5017,18.7,86.88
2023-05-15,3.6238,19.12,80.51
2023-05-16,5.1401,18.74,81.16
2023-05-17,3.9542,19.49,80.03
2023-05-18,6.1678,20.42,79.43
2023-05-19,4.6142,19.85,83.28
2023-05-20,3.9077,19.98,81.35
2023-05-21,3.8678,20.21,80.59
2023-05-22,4.0543,19.36,86.46
2023-05-23,4.2259,18.91,83.74
2023-05-24,4.6718,19.05,87.64
2023-05-25,5.4127,18.35,87.21
2023-05-26,2.2678,18.65,81.68
2023-05-27,4.9661,18.62,81.97
2023-05-28,4.4695,18.77,81.13
2023-05-29,5.4478,19.04,83.21
2023-05-30,4.2586,19.17,80.59
2023-05-31,5.3431,18.61,82.2
2023-06-01,4.1254,18.34,82.74
2023-06-02,5.7185,17.65,80.61
2023-06-03,6.3305,18.09,78.09
2023-06-04,5.2421,18.3,77.78
2023-06-05,4.3855,18.49,79.1
2023-06-06,4.543,17.97,79.13
2023-06-07,5.0494,18.22,81.59
2023-06-08,4.7033,18.58,81.52
2023-06-09,4.5461,18.84,77.74
2023-06-10,4.7453,19.03,78.43
2023-06-11,3.2971,18.94,78.61
2023-06-12,5.5483,19.01,76.69
2023-06-13,5.7991,18.77,77.62
2023-06-14,3.6677,18.27,80.09
2023-06-15,4.4669,17.69,78.81
2023-06-16,4.0562,18.0,80.74
2023-06-17,4.3738,17.96,80.04
2023-06-18,4.7213,17.48,80.43
2023-06-19,6.0989,17.73,79.52
2023-06-20,5.5752,18.64,79.54
2023-06-21,4.8516,19.24,79.77
2023-06-22,4.8982,19.35,79.56
2023-06-23,4.4489,19.61,77.08
2023-06-24,4.7431,18.43,80.16
2023-06-25,4.2715,17.55,79.35
2023-06-26,4.141,18.03,78.48
2023-06-27,4.4755,18.42,79.36
2023-06-28,4.9042,18.75,78.62
2023-06-29,5.6002,19.27,80.3
2023-06-30,4.644,18.18,80.53
2023-07-01,4.6963,18.89,78.56
2023-07-02,4.7431,18.36,81.77
2023-07-03,4.0531,19.19,78.92
2023-07-04,3.9127,18.88,80.59
2023-07-05,4.1534,19.16,79.21
2023-07-06,4.1539,19.3,78.98
2023-07-07,2.9419,18.89,80.38
2023-07-08,4.1602,18.58,79.76
2023-07-09,4.7767,17.83,78.17
2023-07-10,4.2629,18.59,76.8
2023-07-11,4.9819,19.16,76.36
2023-07-12,4.0538,18.29,77.49
2023-07-13,6.0586,19.25,75.83
2023-07-14,4.1398,19.34,78.44
2023-07-15,5.1118,18.7,77.73
2023-07-16,5.2644,18.89,77.16
2023-07-17,4.6774,17.87,77.21
2023-07-18,4.9692,17.46,78.18
2023-07-19,4.7626,18.13,79.23
2023-07-20,6.0979,17.95,78.94
2023-07-21,4.0498,19.02,76.82
2023-07-22,4.6807,18.86,78.26
2023-07-23,4.6502,18.54,76.95
2023-07-24,4.8238,18.72,79.78
2023-07-25,4.8895,18.61,80.72
2023-07-26,5.1067,19.05,82.27
2023-07-27,4.8749,19.76,79.18
2023-07-28,5.003,19.91,76.72
2023-07-29,5.0921,19.64,77.67
2023-07-30,4.0178,18.96,77.35
2023-07-31,4.2478,18.22,77.75
2023-08-01,3.953,17.51,77.03
2023-08-02,3.9684,16.83,76.41
2023-08-03,5.2236,16.9,74.46
2023-08-04,5.2913,17.53,75.98
2023-08-05,5.4365,18.46,78.08
2023-08-06,4.181,19.01,76.66
2023-08-07,4.4537,19.66,76.69
2023-08-08,6.0883,18.98,74.84
2023-08-09,4.0795,18.83,76.1
2023-08-10,5.3479,18.4,74.12
2023-08-11,4.4978,18.58,75.87
2023-08-12,4.7369,18.82,75.99
2023-08-13,4.0666,19.01,74.14
2023-08-14,5.525,18.9,74.01
2023-08-15,4.6044,18.4,78.01
2023-08-16,4.1676,18.76,78.04
2023-08-17,5.5716,19.54,77.97
2023-08-18,4.5751,20.02,80.46
2023-08-19,4.8418,20.48,81.13
2023-08-20,4.0932,20.26,79.27
2023-08-21,4.2482,19.82,82.42
2023-08-22,3.7099,19.57,78.99
2023-08-23,6.2854,19.48,74.51
2023-08-24,4.6426,19.69,77.89
2023-08-25,5.6184,19.58,78.28
2023-08-26,6.9182,19.18,75.0
2023-08-27,6.174,18.14,69.76
2023-08-28,5.9561,18.47,74.89
2023-08-29,6.1094,18.73,74.03
2023-08-30,5.5702,18.5,76.13
2023-08-31,5.958,18.9,74.97
2023-09-01,6.204,19.49,76.06
2023-09-02,5.185,19.31,79.7
2023-09-03,4.5506,19.63,78.56
2023-09-04,4.9471,19.96,75.75
2023-09-05,4.59,19.34,75.85
2023-09-06,6.3094,19.22,74.65
2023-09-07,4.6603,19.34,77.2
2023-09-08,4.5617,19.78,75.64
2023-09-09,4.2938,19.96,77.0
2023-09-10,4.2794,19.5,76.21
2023-09-11,5.9016,19.26,73.69
2023-09-12,5.4763,19.52,74.26
2023-09-13,5.2378,19.97,78.24
2023-09-14,4.5756,19.39,75.84
2023-09-15,5.1022,18.47,73.93
2023-09-16,5.8495,18.93,75.66
2023-09-17,3.4433,19.76,72.3
2023-09-18,3.9062,19.6,72.73
2023-09-19,4.5749,19.3,72.08
2023-09-20,4.0901,19.01,71.25
2023-09-21,6.0127,18.8,71.33
2023-09-22,5.9328,20.14,68.06
2023-09-23,6.0,19.37,81.12
2023-09-24,4.8254,19.4,77.71
2023-09-25,5.3386,19.91,73.65
2023-09-26,5.581,20.58,75.58
2023-09-27,5.1516,20.54,77.62
2023-09-28,4.5905,19.96,78.28
2023-09-29,5.1986,20.58,77.37
2023-09-30,5.9525,19.82,74.95
2023-10-01,5.2798,19.99,73.69
2023-10-02,6.1459,20.6,79.43
2023-10-03,5.4521,19.72,78.93
2023-10-04,4.9008,19.99,75.19
2023-10-05,5.1098,20.39,78.51
2023-10-06,4.914,19.53,84.71
2023-10-07,6.0108,20.02,82.37
2023-10-08,4.7628,19.48,85.55
2023-10-09,5.9419,20.04,78.55
2023-10-10,5.3386,19.77,81.37
2023-10-11,5.2001,18.41,78.97
2023-10-12,6.4171,19.66,74.69
2023-10-13,5.2066,19.93,74.6
2023-10-14,5.015,19.34,77.44
2023-10-15,5.1562,18.38,77.27
2023-10-16,5.0138,18.41,75.84
2023-10-17,4.9896,19.14,77.15
2023-10-18,5.0779,19.86,79.74
2023-10-19,4.6171,19.98,76.48
2023-10-20,3.5568,20.34,73.52
2023-10-21,4.4815,18.86,85.02
2023-10-22,2.8111,19.28,80.86
2023-10-23,5.4257,20.0,76.67
2023-10-24,4.23,19.52,82.06
2023-10-25,4.6094,19.33,81.06
2023-10-26,4.0956,19.21,85.39
2023-10-27,3.8064,18.15,87.81
2023-10-28,4.0726,18.21,88.53
2023-10-29,4.7002,18.09,86.32
2023-10-30,4.601,18.71,87.44
2023-10-31,4.7609,18.73,87.26
2023-11-01,4.2382,18.62,84.47
2023-11-02,4.1278,18.53,86.46
2023-11-03,4.806,18.17,86.7
2023-11-04,3.0041,18.77,84.62
2023-11-05,4.5444,18.33,84.64
2023-11-06,3.6679,19.3,81.58
2023-11-07,4.5034,19.33,81.4
2023-11-08,4.7052,19.54,79.37
2023-11-09,5.2476,19.95,80.21
2023-11-10,4.4837,20.27,76.85
2023-11-11,4.7347,20.18,78.57
2023-11-12,3.8647,20.16,79.27
2023-11-13,5.4619,20.39,79.37
2023-11-14,4.5869,20.07,83.67
2023-11-15,4.4599,19.28,82.46
2023-11-16,5.5519,19.64,74.02
2023-11-17,5.7749,19.47,61.63
2023-11-18,3.2258,18.57,85.66
2023-11-19,3.8503,18.12,90.98
2023-11-20,4.476,17.29,90.97
2023-11-21,5.3297,18.32,86.99
2023-11-22,4.9586,18.98,87.21
2023-11-23,4.8766,19.2,84.83
2023-11-24,4.1455,18.73,81.55
2023-11-25,4.2816,18.67,79.35
2023-11-26,4.9138,19.44,77.96
2023-11-27,4.7578,19.98,76.49
2023-11-28,4.6812,19.54,75.67
2023-11-29,4.3963,19.24,76.77
2023-11-30,4.7143,19.32,80.64
2023-12-01,5.935,19.7,74.82
2023-12-02,5.3844,19.49,73.0
2023-12-03,5.5039,20.71,72.82
2023-12-04,5.141,20.67,76.03
2023-12-05,5.239,20.26,71.8
2023-12-06,4.314,20.04,76.13
2023-12-07,4.9567,18.69,79.51
2023-12-08,5.2099,19.28,75.29
2023-12-09,3.9871,19.72,78.19
2023-12-10,4.3133,19.86,78.04
2023-12-11,4.5466,20.2,76.13
2023-12-12,5.5512,20.09,74.91
2023-12-13,5.609,20.41,73.69
2023-12-14,4.7194,20.37,81.13
2023-12-15,2.7002,18.73,86.97
2023-12-16,3.5885,19.2,83.92
2023-12-17,2.7876,19.03,88.49
2023-12-18,4.1136,19.22,88.62
2023-12-19,4.4916,19.39,86.63
2023-12-20,4.3486,19.19,85.93
2023-12-21,5.0868,19.87,83.22
2023-12-22,3.9223,20.66,76.41
2023-12-23,4.703,19.73,85.91
2023-12-24,4.3169,20.17,80.16
2023-12-25,4.2374,18.54,84.38
2023-12-26,2.8222,19.19,78.65
2023-12-27,3.8167,19.3,83.46
2023-12-28,3.6749,19.04,86.42
2023-12-29,4.4911,18.69,84.25
2023-12-30,4.02,18.2,86.65
2023-12-31,4.3025,18.18,89.46
2024-01-01,4.614,19.41,83.4
2024-01-02,4.998,19.68,76.92
2024-01-03,5.3023,19.71,78.73
2024-01-04,6.0274,19.87,76.6
2024-01-05,5.7334,19.67,75.9
2024-01-06,6.09,19.7,69.96
2024-01-07,5.6998,19.25,70.91
2024-01-08,5.9914,19.38,71.29
2024-01-09,5.6585,19.51,69.72
2024-01-10,5.357,19.87,71.31
2024-01-11,5.3726,20.59,74.82
2024-01-12,5.399,19.52,85.82
2024-01-13,4.2343,20.17,78.62
2024-01-14,5.4958,20.15,71.5
2024-01-15,6.2794,18.82,70.09
2024-01-16,5.9827,18.22,70.94
2024-01-17,5.7449,19.98,72.91
2024-01-18,5.6887,20.91,73.02
2024-01-19,6.0434,20.26,70.86
2024-01-20,4.1664,20.66,72.24
2024-01-21,4.3452,20.76,72.32
2024-01-22,6.5695,20.38,70.01
2024-01-23,7.1273,18.86,65.77
2024-01-24,7.0807,19.24,67.53
2024-01-25,6.8532,19.85,63.96
2024-01-26,6.2182,19.67,62.97
2024-01-27,6.0082,20.89,62.76
2024-01-28,5.5126,21.71,67.63
2024-01-29,5.5992,21.68,68.45
2024-01-30,5.2039,21.19,68.1
2024-01-31,4.8833,21.01,71.69
2024-02-01,4.194,21.38,74.83
2024-02-02,2.8082,20.92,78.49
2024-02-03,4.4626,19.42,87.2
2024-02-04,3.6331,19.25,82.88
2024-02-05,3.4318,19.19,77.6
2024-02-06,4.5425,19.96,78.18
2024-02-07,4.4623,20.77,77.13
2024-02-08,3.1531,20.57,78.52
2024-02-09,3.8671,20.93,75.76
2024-02-10,4.6505,21.31,72.36
2024-02-11,5.8786,20.97,70.47
2024-02-12,6.0216,21.21,69.42
2024-02-13,5.6158,21.41,67.14
2024-02-14,4.6882,21.21,70.58
2024-02-15,5.064,21.67,70.93
2024-02-16,4.8259,21.28,75.87
2024-02-17,5.2214,21.28,74.74
2024-02-18,6.1862,21.84,70.41
2024-02-19,5.9066,21.27,68.32
2024-02-20,6.4313,21.11,72.12
2024-02-21,5.7838,20.26,75.71
2024-02-22,4.1774,19.37,78.29
2024-02-23,5.9899,20.53,71.45
2024-02-24,5.5634,20.15,73.71
2024-02-25,5.1446,19.43,71.21
2024-02-26,5.2658,20.97,70.05
2024-02-27,5.2315,20.59,77.44
2024-02-28,4.8876,21.41,74.88
2024-02-29,4.8379,21.19,71.85
2024-03-01,4.8847,20.65,65.2
2024-03-02,5.413,20.8,71.65
2024-03-03,4.4359,20.57,75.67
2024-03-04,4.1282,21.28,73.89
2024-03-05,4.5084,22.08,70.18
2024-03-06,4.9502,22.44,68.01
2024-03-07,4.668,22.62,68.75
2024-03-08,4.2022,22.03,72.84
2024-03-09,3.0509,21.99,70.83
2024-03-10,5.425,22.02,69.78
2024-03-11,4.1323,22.27,69.0
2024-03-12,4.1261,21.98,69.7
2024-03-13,5.1881,22.45,67.06
2024-03-14,3.7982,22.75,66.29
2024-03-15,4.6483,22.66,66.3
2024-03-16,5.2157,22.88,67.25
2024-03-17,4.6356,22.3,66.16
2024-03-18,5.0196,22.32,66.0
2024-03-19,3.5921,21.99,70.86
2024-03-20,5.1259,21.88,69.81
2024-03-21,4.8706,19.78,86.16
2024-03-22,5.3129,22.12,70.99
2024-03-23,4.2883,20.46,70.13
2024-03-24,5.5296,20.49,76.11
2024-03-25,5.2289,20.38,79.4
2024-03-26,5.0657,19.88,79.37
2024-03-27,3.8614,19.68,75.49
2024-03-28,4.8283,20.12,76.27
2024-03-29,4.2017,19.64,81.75
2024-03-30,2.927,20.56,74.38
2024-03-31,3.3379,19.97,76.2
2024-04-01,4.259,20.64,76.19
2024-04-02,3.198,20.0,81.17
2024-04-03,3.2645,20.22,82.75
2024-04-04,3.0418,20.07,76.25
2024-04-05,5.2997,19.96,72.52
2024-04-06,4.3289,20.22,75.77
2024-04-07,5.9165,20.56,71.75
2024-04-08,4.1254,21.12,72.32
2024-04-09,5.7125,20.95,69.92
2024-04-10,6.5724,20.8,65.49
2024-04-11,5.8073,21.35,60.87
2024-04-12,6.1109,22.23,64.35
2024-04-13,5.9472,23.0,65.53
2024-04-14,5.0261,22.77,62.98
2024-04-15,5.6311,22.46,67.52
2024-04-16,5.8452,21.95,68.43
2024-04-17,3.3317,21.39,72.2
2024-04-18,3.8006,20.41,79.96
2024-04-19,4.3402,19.79,83.99
2024-04-20,4.8518,19.99,84.6
2024-04-21,4.1952,19.54,86.66
2024-04-22,2.155,18.72,89.5
2024-04-23,4.7722,20.23,79.56
2024-04-24,5.3815,20.38,77.09
2024-04-25,4.4969,20.08,76.78
2024-04-26,4.4818,19.55,82.65
2024-04-27,4.8598,19.53,85.67
2024-04-28,3.5131,18.68,91.66
2024-04-29,4.2677,19.35,85.94
2024-04-30,5.239,20.28,81.76
2024-05-01,3.8621,20.46,83.04
2024-05-02,4.4614,20.62,83.79
2024-05-03,3.7255,19.73,87.39
2024-05-04,3.2942,20.21,82.7
2024-05-05,4.1275,19.24,84.32
2024-05-06,4.9152,19.69,84.84
2024-05-07,5.2318,21.12,78.31
2024-05-08,3.8784,19.56,87.02
2024-05-09,2.0268,19.36,83.64
2024-05-10,4.6702,19.18,84.54
2024-05-11,4.6219,19.94,81.24
2024-05-12,4.3229,19.85,83.47
2024-05-13,5.9645,20.58,80.08
2024-05-14,3.9874,19.67,80.31
2024-05-15,4.3464,19.74,81.95
2024-05-16,2.6285,19.03,86.73
2024-05-17,4.7981,19.74,80.86
2024-05-18,3.9329,20.23,79.35
2024-05-19,4.9999,19.78,82.28
2024-05-20,4.4484,19.75,84.06
2024-05-21,4.1854,19.15,81.56
2024-05-22,4.8456,19.66,77.02
2024-05-23,4.4143,20.05,80.95
2024-05-24,4.8216,20.57,80.18
2024-05-25,2.1408,19.46,84.07
2024-05-26,5.1067,18.94,86.54
2024-05-27,4.7162,19.29,81.16
2024-05-28,4.8173,19.26,81.12
2024-05-29,3.7198,19.06,82.9
2024-05-30,4.4054,19.13,83.02
2024-05-31,4.4654,19.48,81.18
2024-06-01,5.8481,19.82,79.23
2024-06-02,6.2134,20.06,81.05
2024-06-03,4.9918,19.59,82.21
2024-06-04,4.0488,18.88,84.35
2024-06-05,4.1813,19.08,80.95
2024-06-06,4.17,19.28,79.34
2024-06-07,4.3056,19.17,81.14
2024-06-08,4.4755,19.4,79.15
2024-06-09,4.2374,19.09,83.33
2024-06-10,4.7501,19.42,82.22
2024-06-11,3.2112,19.35,79.19
2024-06-12,4.3632,18.86,80.99
2024-06-13,4.6303,18.84,82.94
2024-06-14,3.9158,19.54,81.54
2024-06-15,4.1342,18.99,84.29
2024-06-16,3.8057,18.86,82.13
2024-06-17,4.9332,18.99,79.2
2024-06-18,4.6133,18.97,85.23
2024-06-19,3.9506,18.79,86.53
2024-06-20,4.1717,19.21,80.79
2024-06-21,4.4011,18.12,81.65
2024-06-22,4.4086,18.47,79.42
2024-06-23,3.4534,19.13,80.23
2024-06-24,4.3973,18.75,82.02
2024-06-25,4.9145,18.65,80.32
2024-06-26,4.3639,18.06,80.03
2024-06-27,4.4813,18.08,81.61
2024-06-28,2.9858,18.64,86.37
2024-06-29,5.3633,18.94,82.54
2024-06-30,4.7086,19.5,76.8
2024-07-01,5.3371,19.2,78.87
2024-07-02,5.0954,18.47,83.38
2024-07-03,5.0328,18.82,81.25
2024-07-04,4.5533,18.94,82.56
2024-07-05,2.5826,18.64,83.47
2024-07-06,5.0014,18.47,81.34
2024-07-07,4.8377,17.91,81.53
2024-07-08,6.0552,17.95,77.9
2024-07-09,5.0909,18.63,79.58
2024-07-10,5.5368,19.44,77.83
2024-07-11,5.0508,20.11,76.22
2024-07-12,3.9026,19.18,82.58
2024-07-13,4.5458,17.97,80.9
2024-07-14,5.4559,17.79,79.67
2024-07-15,5.3016,18.62,79.51
2024-07-16,5.1454,18.76,82.22
2024-07-17,4.626,18.06,81.68
2024-07-18,4.4954,17.54,82.71
2024-07-19,4.5574,17.97,80.56
2024-07-20,4.4309,18.77,77.23
2024-07-21,4.9166,18.7,80.02
2024-07-22,4.6058,18.76,81.73
2024-07-23,4.6493,18.99,82.17
2024-07-24,4.9354,19.09,81.58
2024-07-25,4.0315,19.38,77.8
2024-07-26,4.0318,19.27,79.51
2024-07-27,4.5432,19.35,80.56
2024-07-28,4.0344,19.51,77.97
2024-07-29,5.8615,19.15,77.35
2024-07-30,4.2036,18.64,78.32
2024-07-31,4.5888,18.07,78.02
2024-08-01,5.0702,18.18,76.92
2024-08-02,6.371,18.89,75.29
2024-08-03,4.206,19.37,79.61
2024-08-04,4.9498,19.35,77.3
2024-08-05,4.0663,18.9,79.41
2024-08-06,4.4088,19.27,79.04
2024-08-07,5.7802,19.35,78.69
2024-08-08,4.0205,19.26,77.34
2024-08-09,3.8887,19.39,75.72
2024-08-10,3.4596,18.52,77.08
2024-08-11,5.5174,18.57,77.95
2024-08-12,5.1487,18.92,75.48
2024-08-13,4.5972,18.52,76.14
2024-08-14,4.4585,18.65,75.08
2024-08-15,6.2119,19.3,74.55
2024-08-16,5.3734,19.56,74.85
2024-08-17,6.4579,18.54,73.1
2024-08-18,5.8742,17.93,73.94
2024-08-19,4.5924,18.72,75.04
2024-08-20,4.835,19.24,75.8
2024-08-21,5.5082,19.51,75.53
2024-08-22,5.2882,19.84,77.22
2024-08-23,3.4692,20.29,77.62
2024-08-24,5.4586,20.31,74.41
2024-08-25,3.9161,19.02,77.69
2024-08-26,4.14,18.51,73.16
2024-08-27,5.1149,18.63,73.27
2024-08-28,5.2483,18.26,75.44
2024-08-29,5.1062,18.14,75.5
2024-08-30,6.3787,18.24,71.02
2024-08-31,6.1006,18.78,73.15
2024-09-01,4.2977,18.96,74.93
2024-09-02,4.7902,18.72,73.13
2024-09-03,5.557,19.1,71.77
2024-09-04,5.2534,20.04,71.84
2024-09-05,4.6524,19.79,72.42
2024-09-06,5.0993,20.03,74.68
2024-09-07,4.8326,19.73,71.75
2024-09-08,3.6871,19.32,71.13
2024-09-09,5.7581,19.67,70.24
2024-09-10,4.6349,19.68,72.54
2024-09-11,5.2061,19.93,71.56
2024-09-12,4.4064,20.64,73.72
2024-09-13,5.2694,20.44,71.56
2024-09-14,5.7226,20.85,71.65
2024-09-15,6.5765,20.91,69.96
2024-09-16,5.5937,20.87,72.47
2024-09-17,5.2814,19.85,69.39
2024-09-18,6.3065,19.89,66.22
2024-09-19,5.753,20.4,69.66
2024-09-20,4.5737,20.12,70.5
2024-09-21,4.7443,20.35,74.25
2024-09-22,4.7923,20.13,74.82
2024-09-23,5.5562,19.94,73.69
2024-09-24,5.6676,20.13,69.47
2024-09-25,4.8182,20.03,73.09
2024-09-26,4.0711,19.55,79.31
2024-09-27,4.6666,19.83,76.68
2024-09-28,3.5621,18.11,81.76
2024-09-29,3.4884,17.87,87.54
2024-09-30,4.1688,18.15,78.7
2024-10-01,5.8918,19.24,73.32
2024-10-02,4.9277,19.27,78.74
2024-10-03,5.9938,20.31,75.81
2024-10-04,4.5053,19.48,81.68
2024-10-05,6.0228,19.35,79.79
2024-10-06,5.7221,18.37,82.2
2024-10-07,5.5901,18.09,84.38
2024-10-08,3.917,18.47,86.95
2024-10-09,4.9951,18.41,89.04
2024-10-10,3.6862,19.28,76.62
2024-10-11,6.5328,19.63,72.26
2024-10-12,5.1542,19.21,74.06
2024-10-13,5.9522,18.71,71.1
2024-10-14,5.1902,18.67,71.14
2024-10-15,4.949,19.01,74.16
2024-10-16,6.0749,19.81,74.72
2024-10-17,6.4234,20.48,71.25
2024-10-18,6.1078,20.4,72.33
2024-10-19,4.495,19.84,80.56
2024-10-20,5.9148,18.9,86.1
2024-10-21,5.5579,19.5,85.34
2024-10-22,5.0078,19.19,87.25
2024-10-23,5.0998,19.82,79.01
2024-10-24,4.847,19.94,76.58
2024-10-25,6.4291,20.43,73.3
2024-10-26,4.8802,21.05,77.26
2024-10-27,3.7886,20.54,76.94
2024-10-28,3.5998,19.67,73.61
2024-10-29,5.1922,19.2,74.59
2024-10-30,5.2644,19.4,76.85
2024-10-31,4.6992,19.24,79.82
2024-11-01,4.9553,18.39,87.74
2024-11-02,4.7556,18.64,84.92
2024-11-03,4.9867,18.54,86.34
2024-11-04,3.6732,18.58,82.65
2024-11-05,4.6939,19.4,83.21
2024-11-06,5.0594,18.8,87.13
2024-11-07,4.5367,19.13,85.14
2024-11-08,2.5961,17.76,89.78
2024-11-09,4.6675,18.59,87.74
2024-11-10,3.5059,18.21,88.43
2024-11-11,3.972,18.66,85.62
2024-11-12,3.9192,18.02,89.51
2024-11-13,4.8686,17.36,87.63
2024-11-14,3.7262,16.98,89.15
2024-11-15,4.1311,18.53,85.6
2024-11-16,3.5784,18.25,87.69
2024-11-17,4.3721,18.33,88.68
2024-11-18,4.937,18.43,84.02
2024-11-19,4.5065,18.65,84.98
2024-11-20,3.8681,18.33,87.51
2024-11-21,3.9302,18.53,84.77
2024-11-22,3.4387,17.81,92.86
2024-11-23,3.5532,18.05,84.91
2024-11-24,4.5343,19.22,74.64
2024-11-25,5.0762,19.16,75.07
2024-11-26,4.6241,19.67,79.38
2024-11-27,4.9385,19.28,81.32
2024-11-28,4.3538,19.53,79.07
2024-11-29,3.4925,19.34,78.24
2024-11-30,4.7654,19.44,77.63
2024-12-01,4.2497,20.14,78.82
2024-12-02,4.531,19.72,82.4
2024-12-03,4.7546,19.76,80.43
2024-12-04,4.7398,19.91,82.83
2024-12-05,4.7832,19.87,80.57
2024-12-06,4.8185,18.86,84.46
2024-12-07,4.7926,18.58,84.04
2024-12-08,5.0496,19.25,77.49
2024-12-09,4.799,19.82,74.54
2024-12-10,4.4724,19.27,75.05
2024-12-11,5.6359,19.65,76.16
2024-12-12,4.6442,18.1,91.95
2024-12-13,4.5103,18.62,86.43
2024-12-14,4.9279,18.41,87.32
2024-12-15,4.0807,18.42,88.36
2024-12-16,3.7678,19.34,79.87
2024-12-17,3.9538,19.79,76.78
2024-12-18,4.5521,19.98,77.5
2024-12-19,4.9474,20.05,80.14
2024-12-20,4.3294,20.13,78.56
2024-12-21,3.6408,19.69,78.26
2024-12-22,4.2826,18.88,83.0
2024-12-23,3.0079,19.36,79.67
2024-12-24,4.224,18.74,79.65
2024-12-25,4.2022,19.49,82.46
2024-12-26,4.4052,18.95,82.1
2024-12-27,4.1016,18.47,90.04
2024-12-28,3.4786,18.65,87.99
2024-12-29,4.073,17.9,88.28
2024-12-30,3.3199,18.28,88.2
2024-12-31,5.1403,18.6,80.39
